Run Timestamp,2026-04-17 18:36:44 UTC (Cloud Run Job: competitive-analysis-agent-q8ndg)
Company,Miro
Sector,Technology / Digital Collaboration & Whiteboarding

Section,Content
Executive Summary,"Miro dominates the collaborative whiteboarding space through a strong network effect, robust integrations, and ongoing innovation (notably in AI and templates). Despite a clear leadership position, Miro faces challenges around enterprise scalability, customer support, and the threat of commoditization as both specialized (Craft, Mural) and bundled (Microsoft) competitors close the feature gap. Miro's aggressive market expansion is supported by global visibility, but sustained leadership will require addressing performance concerns, improving user transparency (especially pricing), and deepening enterprise and workflow specificity."
Identified Competitors,"Craft, Microsoft, Mural"

Competitor,Strategy,Key Tactics,Strengths,Weaknesses
Craft,Position as a product management platform with seamless visual collaboration integrations to capture both pure PM and design market segments.,API-first integrations; responsive to product teams; rapid iteration of product roadmap tools; cross-platform availability.,Deep native integration into PM workflows; responsive development team; lower cost for certain features; strong appeal for product managers.,Smaller user base; less brand recognition; reliance on integrations; weaker standalone whiteboarding than Miro or Mural.
Microsoft,Leverage bundling (Microsoft 365 Teams Whiteboard) to make collaboration features ubiquitous and economically unavoidable for enterprises.,Embedding whiteboard features into widely-used enterprise tools; aggressive enterprise pricing; global support and compliance.,Massive installed base; minimal marginal cost for most clients; high switching costs; enterprise IT compatibility; seamless user authentication.,"Less specialization (fewer advanced whiteboarding/collaboration features); less template variety; sometimes seen as a checkbox product with limited UX focus."
Mural,"Target organizations looking for facilitation, remote workshops, and design sprint tools as its core proposition.","Focus on facilitation toolkits, guided collaboration, dedicated customer success teams, streamlined onboarding for workshops/remote teams.","Highly regarded group facilitation features, excellent onboarding for new users, strong in the design/thought leadership space.","Smaller integration ecosystem than Miro, fewer out-of-box templates, not as deeply embedded in enterprise workflow tools, sometimes perceived as more expensive per feature."

SWOT Category,Points
Strengths,"1. Leading user base and network effects: Over 50M users | 2. Deep ecosystem and integrations: Jira, Teams, Figma (best-in-class per Gartner 2025) | 3. Extensive template library and AI-powered features (2023) | 4. Brand visibility: Sustained global attention (Google Trends, TechRadar) | 5. Enterprise traction and growth"
Weaknesses,"1. Performance degradation at enterprise scale (TryOrBye 2026) | 2. Aggressive/confusing billing — automatic charges for viewers, opaque pricing | 3. Customer support cited negatively in user reviews | 4. Steep learning curve for new users | 5. Vulnerable to feature commoditization vs. low-cost/bundled competitors"
Opportunities,"1. Expansion of AI-enhanced collaboration features | 2. Further enterprise penetration and B2B integrations | 3. Educational and nonprofit sectors rapidly digitizing | 4. Strategic partnerships to enhance stickiness | 5. Global expansion in emerging digital markets"
Threats,"1. Microsoft bundling (Teams + Whiteboard free with 365) | 2. Rise of low-cost/free alternatives and commoditization | 3. Negative word-of-mouth about scaling/performance | 4. Erosion of switching costs by Craft and Mural | 5. Data privacy, export limitations, and compliance issues in regulated industries"

Section,Content
What Competitors Are Doing Better,"Craft integrates with PM/product workflows to capture overlapping user base; Microsoft bundles whiteboard free with 365 to capture enterprise; Mural leads on facilitation features; Miro's billing practices (viewer charges, locked export features) are a recurring criticism vs. competitors."
Closing the Gap,"Target customer segments where top competitors receive the most criticism; match or undercut competitor pricing where Miro has cost advantages; accelerate investment in product capabilities where competitors are weakest; pursue partnerships or distribution channels competitors have not yet exploited."
Actionable Insights,"Prioritize the opportunities identified in the SWOT analysis above; use Google Trends gap data to guide brand visibility investments; monitor competitor moves in areas highlighted by editorial coverage."